{
  "MinFDEK": {
    "RowMean": [
      1940.3663703094987,
      1920.5124339594781,
      1920.5124339594781
    ]
  },
  "MinADEK": {
    "RowMean": [
      1947.2824664295524,
      1937.9499259547665,
      1937.9499259547665
    ]
  },
  "MissRateTopK_2": {
    "RowMean": [
      1.0,
      1.0,
      1.0
    ]
  },
  "OffRoadRate": {
    "RowMean": [
      1.0
    ]
  }
}