{
  "MinFDEK": {
    "RowMean": [
      11.52384160971641,
      11.52384160971641,
      11.52384160971641
    ]
  },
  "MinADEK": {
    "RowMean": [
      4.747754201530901,
      4.747754201530901,
      4.747754201530901
    ]
  },
  "MissRateTopK_2": {
    "RowMean": [
      0.9205865904430498,
      0.9205865904430498,
      0.9205865904430498
    ]
  },
  "OffRoadRate": {
    "RowMean": [
      0.1808550301373268
    ]
  }
}