{
  "MinFDEK": {
    "RowMean": [
      11.044932693784423,
      11.044932693784423,
      11.044932693784423
    ]
  },
  "MinADEK": {
    "RowMean": [
      4.7064032574928545,
      4.7064032574928545,
      4.7064032574928545
    ]
  },
  "MissRateTopK_2": {
    "RowMean": [
      0.9083557951482479,
      0.9083557951482479,
      0.9083557951482479
    ]
  },
  "OffRoadRate": {
    "RowMean": [
      0.23180592991913745
    ]
  }
}