{
  "MinFDEK": {
    "RowMean": [
      13.438793058693769,
      9.516738413068515,
      9.516738413068515
    ]
  },
  "MinADEK": {
    "RowMean": [
      5.483117424453005,
      3.903876858164459,
      3.903876858164459
    ]
  },
  "MissRateTopK_2": {
    "RowMean": [
      0.9508196721311475,
      0.9016393442622951,
      0.9016393442622951
    ]
  },
  "OffRoadRate": {
    "RowMean": [
      0.1598360655737705
    ]
  }
}