{
  "MinFDEK": {
    "RowMean": [
      11.52384160971641,
      9.510564547423781,
      9.510564547423781
    ]
  },
  "MinADEK": {
    "RowMean": [
      4.747754201530901,
      3.8804566258376365,
      3.8804566258376365
    ]
  },
  "MissRateTopK_2": {
    "RowMean": [
      0.9205865904430498,
      0.8931833716522711,
      0.8931833716522711
    ]
  },
  "OffRoadRate": {
    "RowMean": [
      0.204071646057292
    ]
  }
}